Area,Club,Name,Members,date,link
A3,2621397,ISC Bhopal Toastmasters International Club,8,2021-10-02,https://reports2.toastmasters.org/District.cgi?9=98
A3,7730165,Gwalior Toastmasters Club,0,2021-10-02,https://reports2.toastmasters.org/District.cgi?9=98
B2,5235362,DB Mumbai Toastmasters Club,12,2021-10-02,https://reports2.toastmasters.org/District.cgi?9=98
C1,2645684,Emerson Innovation Center-Pune Toastmasters Club,10,2021-10-02,https://reports2.toastmasters.org/District.cgi?9=98
C3,6933610,Birlasoft Toastmasters Club Pune,9,2021-10-02,https://reports2.toastmasters.org/District.cgi?9=98
D1,2383421,ZS Toastmasters Club,0,2021-10-02,https://reports2.toastmasters.org/District.cgi?9=98
D4,6894572,Accenture Pune Toastmasters Club - Magarpatta,0,2021-10-02,https://reports2.toastmasters.org/District.cgi?9=98
E1,3743725,Ben's Toastmasters,0,2021-10-02,https://reports2.toastmasters.org/District.cgi?9=98
E3,7681349,GH ReveRB,0,2021-10-02,https://reports2.toastmasters.org/District.cgi?9=98
E4,7709596,RG Titans,0,2021-10-02,https://reports2.toastmasters.org/District.cgi?9=98
F1,4731654,JPMC Hyderabad Toastmasters,10,2021-10-02,https://reports2.toastmasters.org/District.cgi?9=98
F1,6779917,Pega Toastmasters Club,0,2021-10-02,https://reports2.toastmasters.org/District.cgi?9=98
F2,1340464,TCS Maitree Hyderabad Toastmasters Club,10,2021-10-02,https://reports2.toastmasters.org/District.cgi?9=98
F2,4040445,CMC Hyderabad,0,2021-10-02,https://reports2.toastmasters.org/District.cgi?9=98
F3,7432531,RMSI Hyderabad Toastmasters Club,8,2021-10-02,https://reports2.toastmasters.org/District.cgi?9=98
G1,7171974,HRDC Toastmasters,10,2021-10-02,https://reports2.toastmasters.org/District.cgi?9=98
G2,4486936,"Hitachi Vantara Toastmasters Club, Hyderabad",9,2021-10-02,https://reports2.toastmasters.org/District.cgi?9=98
G2,3216981,Toastmasters of Capgemini Hyderabad,0,2021-10-02,https://reports2.toastmasters.org/District.cgi?9=98
G4,2247357,Virtusa Hyderabad Toastmasters Club,10,2021-10-02,https://reports2.toastmasters.org/District.cgi?9=98
H3,5488272,Eager Beaver's Toastmasters Club,0,2021-10-02,https://reports2.toastmasters.org/District.cgi?9=98
J1,7709614,CorpOrate Toastmasters Club,12,2021-10-02,https://reports2.toastmasters.org/District.cgi?9=98
J2,7182855,RG KDAV Speakers Toastmasters Club,1,2021-10-02,https://reports2.toastmasters.org/District.cgi?9=98
M2,6651953,Mastek Toastmasters Club,0,2021-10-02,https://reports2.toastmasters.org/District.cgi?9=98
M4,7106853,MTC Advanced Club,0,2021-10-02,https://reports2.toastmasters.org/District.cgi?9=98
N3,7447795,Toastmasters @ Persistent Nagpur,0,2021-10-02,https://reports2.toastmasters.org/District.cgi?9=98
S1,5843297,Mahindra Worli Toastmasters,0,2021-10-02,https://reports2.toastmasters.org/District.cgi?9=98
S1,7702926,Transunion Mumbai Toastmasters,0,2021-10-02,https://reports2.toastmasters.org/District.cgi?9=98
S4,6926213,CGI Mumbai,0,2021-10-02,https://reports2.toastmasters.org/District.cgi?9=98
U3,2798803,NITIE Toastmasters Club,8,2021-10-02,https://reports2.toastmasters.org/District.cgi?9=98
W2,2575847,Toastmasters International Margao,11,2021-10-02,https://reports2.toastmasters.org/District.cgi?9=98
W4,7616576,Majesco Pune Toastmasters Club,0,2021-10-02,https://reports2.toastmasters.org/District.cgi?9=98
W5,5094604,Citi eXpressions Toastmasters Club,12,2021-10-02,https://reports2.toastmasters.org/District.cgi?9=98
